<TextureAtlas imagePath="blueSheet.dds">
	<SubTexture name="blue_boxCheckmark" x="380" y="36" width="38" height="36"/>
	<SubTexture name="blue_boxCross" x="380" y="0" width="38" height="36"/>
	<SubTexture name="blue_boxTick" x="386" y="210" width="36" height="36"/>
	<SubTexture name="blue_button00" x="0" y="94" width="190" height="49"/>
	<SubTexture name="blue_button01" x="190" y="49" width="190" height="45"/>
	<SubTexture name="blue_button02" x="190" y="0" width="190" height="49"/>
	<SubTexture name="blue_button03" x="0" y="49" width="190" height="45"/>
	<SubTexture name="blue_button04" x="0" y="0" width="190" height="49"/>
	<SubTexture name="blue_button05" x="0" y="192" width="190" height="45"/>
	<SubTexture name="blue_button06" x="288" y="194" width="49" height="49"/>
	<SubTexture name="blue_button07" x="240" y="194" width="49" height="49"/>
	<SubTexture name="blue_button08" x="191" y="194" width="49" height="45"/>
	<SubTexture name="blue_button09" x="339" y="94" width="49" height="49"/>
	<SubTexture name="blue_button10" x="290" y="94" width="49" height="45"/>
	<SubTexture name="blue_button11" x="337" y="184" width="49" height="49"/>
	<SubTexture name="blue_button12" x="290" y="139" width="49" height="45"/>
	<SubTexture name="blue_button13" x="0" y="143" width="190" height="49"/>
	<SubTexture name="blue_checkmark" x="337" y="233" width="21" height="20"/>
	<SubTexture name="blue_circle" x="386" y="174" width="36" height="36"/>
	<SubTexture name="blue_cross" x="0" y="237" width="18" height="18"/>
	<SubTexture name="blue_panel" x="192" y="94" width="99" height="100" cw="10" ch="10"/>
	<SubTexture name="blue_sliderDown" x="416" y="72" width="28" height="42"/>
	<SubTexture name="blue_sliderLeft" x="339" y="143" width="39" height="31"/>
	<SubTexture name="blue_sliderRight" x="378" y="143" width="39" height="31"/>
	<SubTexture name="blue_sliderUp" x="388" y="72" width="28" height="42"/>
	<SubTexture name="blue_tick" x="18" y="239" width="17" height="17"/>
</TextureAtlas>