<TextureAtlas imagePath="sheet">
	<SubTexture name="grey_arrowDownGrey" x="78" y="498" width="15" height="10"/>
	<SubTexture name="grey_arrowDownWhite" x="123" y="496" width="15" height="10"/>
	<SubTexture name="grey_arrowUpGrey" x="108" y="498" width="15" height="10"/>
	<SubTexture name="grey_arrowUpWhite" x="93" y="498" width="15" height="10"/>
	<SubTexture name="grey_box" x="147" y="433" width="38" height="36"/>
	<SubTexture name="grey_boxCheckmark" x="147" y="469" width="38" height="36"/>
	<SubTexture name="grey_boxCross" x="185" y="433" width="38" height="36"/>
	<SubTexture name="grey_boxTick" x="190" y="198" width="36" height="36"/>
	<SubTexture name="grey_button00" x="0" y="143" width="190" height="45"/>
	<SubTexture name="grey_button01" x="0" y="188" width="190" height="49"/>
	<SubTexture name="grey_button02" x="0" y="98" width="190" height="45"/>
	<SubTexture name="grey_button03" x="0" y="331" width="190" height="49"/>
	<SubTexture name="grey_button04" x="0" y="286" width="190" height="45"/>
	<SubTexture name="grey_button05" x="0" y="0" width="195" height="49"/>
	<SubTexture name="grey_button06" x="0" y="49" width="191" height="49"/>
	<SubTexture name="grey_button07" x="195" y="0" width="49" height="49"/>
	<SubTexture name="grey_button08" x="240" y="49" width="49" height="49"/>
	<SubTexture name="grey_button09" x="98" y="433" width="49" height="45"/>
	<SubTexture name="grey_button10" x="191" y="49" width="49" height="49"/>
	<SubTexture name="grey_button11" x="0" y="433" width="49" height="45"/>
	<SubTexture name="grey_button12" x="244" y="0" width="49" height="49"/>
	<SubTexture name="grey_button13" x="49" y="433" width="49" height="45"/>
	<SubTexture name="grey_button14" x="0" y="384" width="190" height="49"/>
	<SubTexture name="grey_button15" x="0" y="237" width="190" height="49"/>
	<SubTexture name="grey_checkmarkGrey" x="99" y="478" width="21" height="20"/>
	<SubTexture name="grey_checkmarkWhite" x="78" y="478" width="21" height="20"/>
	<SubTexture name="grey_circle" x="185" y="469" width="36" height="36"/>
	<SubTexture name="grey_crossGrey" x="120" y="478" width="18" height="18"/>
	<SubTexture name="grey_crossWhite" x="190" y="318" width="18" height="18"/>
	<SubTexture name="grey_panel" x="190" y="98" width="100" height="100"/>
	<SubTexture name="grey_sliderDown" x="190" y="234" width="28" height="42"/>
  <SubTexture name="grey_sliderEnd" x="138" y="478" width="8" height="10"/>
	<SubTexture name="grey_sliderHorizontal" x="0" y="380" width="190" height="4"/>
	<SubTexture name="grey_sliderLeft" x="0" y="478" width="39" height="31"/>
	<SubTexture name="grey_sliderRight" x="39" y="480" width="39" height="30"/>
	<SubTexture name="grey_sliderUp" x="190" y="276" width="28" height="42"/>
	<SubTexture name="grey_sliderVertical" x="208" y="318" width="4" height="100"/>
  <SubTexture name="grey_sliderHorizontal" x="194" y="424" width="100" height="4"/>
  <SubTexture name="grey_tickGrey" x="190" y="336" width="17" height="17"/>
	<SubTexture name="grey_tickWhite" x="190" y="353" width="17" height="17"/>
</TextureAtlas>